"Hotel Name",Rating,Rating Description,Reviews,Star Rating,Location,Nearest Landmark,Distance to Landmark,Price,Tax
"Country Inn and Suites by Radisson, Sahibabad",4.2,Very Good,15697,5,In Ghaziabad ,Delhi city centre,30.0 km ,"6,249",
Radisson Blu Kaushambi Delhi NCR,4.0,Very Good,1826,5,In Ghaziabad ,Delhi city centre,28.0 km ,"5,039",605
The Ashok,3.8,Very Good,5694,5,Chanakyapuri ,T1 - Delhi Airport (IGI Airport),9.8 km ,"6,288",
Pride Plaza Hotel Aerocity New Delhi,4.0,Very Good,7275,5,Aerocity ,Indira Gandhi International Airport,4.0 km ,"6,499",780
"Golden Tulip Vasundhara Hotel & Suites, Delhi NCR",3.9,Very Good,2057,4,In Ghaziabad ,Delhi city centre,31.0 km ,"3,386",871
"Welcomhotel by ITC Hotels, Dwarka, New Delhi",4.0,Very Good,9348,5,Sector 10 Dwarka,,,"6,223",
Holiday Inn New Delhi International Airport,4.2,Very Good,5734,5,Aerocity ,Indira Gandhi International Airport,3.8 km ,"6,999",
Novotel New Delhi International Airport- An Accor hotels brand,4.1,Very Good,4534,5,Aerocity ,Indira Gandhi International Airport,4.2 km ,"7,250",
The Suryaa New Delhi,4.1,Very Good,4314,5,New Friends Colony,,,"5,348","1,092"
The Hosteller Delhi | Private Rooms & Dorms,4.3,Excellent,795,,New Friends Colony,,,"2,228",503
The LaLiT New Delhi,4.1,Very Good,7908,5,Connaught Place,,,"9,040","2,430"
Radisson Blu Plaza Delhi Airport,4.3,Excellent,7275,5,Mahipalpur ,Indira Gandhi International Airport,5.2 km ,"4,500",765
Roseate House New Delhi,4.4,Excellent,9130,5,Aerocity ,Indira Gandhi International Airport,3.5 km ,"9,649","1,737"
Lemon Tree Hotel East Delhi Mall Kaushambi,3.9,Very Good,1550,4,In Ghaziabad ,Delhi city centre,24.0 km ,"2,073",752
YWCA OF DELHI BLUE TRIANGLE FAMILY HOSTEL,3.9,Very Good,505,,Connaught Place ,Metro Museum,690 m ,"2,620",770
Hotel Trans International,4.2,Very Good,6933,4,Mahipalpur ,Indira Gandhi International Airport,4.3 km ,"2,274",465
The Leela Ambience Convention Hotel Delhi,4.4,Excellent,3845,5,East Delhi,,,"7,499",
Jaypee Vasant Continental Hotel,4.0,Very Good,1696,5,Vasant Vihar ,T1 - Delhi Airport (IGI Airport),7.6 km ,"5,999",
YWCA INTERNATIONAL GUEST HOUSE,3.8,Very Good,412,,Connaught Place ,India Gate,3.0 km ,"2,408",648
Holiday Inn New Delhi Mayur Vihar,4.1,Very Good,2935,5,East Delhi,,,"6,249",
Lemon Tree Premier Delhi Airport,3.9,Very Good,9726,4,Aerocity ,Indira Gandhi International Airport,4.1 km ,"4,464","1,478"
Radisson Blu Marina Hotel Connaught Place,3.8,Very Good,2642,5,Connaught Place,,,"8,000",
The Metropolitan Hotel and Spa,4.1,Very Good,4049,5,Connaught Place,,,"7,500",
The Grand New Delhi,3.8,Very Good,1885,5,Vasant Kunj ,Indira Gandhi International Airport,7.7 km ,"12,899","2,322"
Crowne Plaza Mayur Vihar,4.3,Excellent,3398,5,East Delhi,,,"8,649",
Hotel Smart Plaza,4.3,Excellent,4031,3,Mahipalpur ,Indira Gandhi International Airport,4.4 km ,"1,525",423
Hotel Aero Star,4.3,Excellent,9760,4,Mahipalpur ,Indira Gandhi International Airport,4.3 km ,"2,472",505
Golden Bliss Near IGI Airport Mahipalpur,3.0,Good,108,,Mahipalpur ,Indira Gandhi International Airport,4.1 km ,"2,794",811
Hotel International Inn,4.1,Very Good,12005,3,Mahipalpur ,Indira Gandhi International Airport,4.3 km ,"2,199",537
The Park New Delhi,3.5,Very Good,6779,5,Connaught Place ,Connaught Place,730 m ,"7,905","2,125"
ibis New Delhi Aerocity - An Accor Brand,3.7,Very Good,5538,4,Aerocity ,Indira Gandhi International Airport,4.4 km ,"5,100",
goSTOPS Delhi - Rooms & Dorms,4.2,Very Good,1076,,Chandni Chowk ,Red Fort,1.8 km ,"1,481",384
Hotel The Royal Plaza,3.4,Good,10365,4,Connaught Place ,India Gate,2.3 km ,"7,379",885
"Taj Mahal, New Delhi",4.5,Excellent,991,5,Man Singh Road Area ,India Gate,1.2 km ,"12,000",
Hotel Shanti Palace (Mahipalpur),3.7,Very Good,2308,4,Mahipalpur ,Indira Gandhi International Airport,4.1 km ,"2,604",532
Aloft New Delhi Aerocity,4.2,Very Good,2906,5,Aerocity ,Indira Gandhi International Airport,4.1 km ,"6,950",
Radisson Blu Hotel New Delhi Dwarka,3.7,Very Good,7268,5,Sector 13 Dwarka,,,"5,953",714
Hotel Star,4.3,Excellent,1202,4,Mahipalpur ,Indira Gandhi International Airport,4.3 km ,"2,472",505
Pullman New Delhi International Airport- An Accor Luxury Brand,4.3,Excellent,2197,5,Aerocity ,Indira Gandhi International Airport,4.2 km ,"10,500",
Hotel Aman Continental @ Paharganj,4.3,Excellent,5760,3,Paharganj ,New Delhi Railway Station,390 m ,"2,045",620
"Taj Palace, New Delhi",4.5,Excellent,7913,5,Chanakyapuri ,T1 - Delhi Airport (IGI Airport),7.0 km ,"11,500",
Red Fox Hotel Delhi Airport,3.9,Very Good,7509,3,Aerocity ,Indira Gandhi International Airport,4.2 km ,"2,903","1,054"
"Vivanta New Delhi, Dwarka",4.3,Excellent,7707,5,Sector 21 Dwarka,,,"7,100",
The Gold Regency @ Paharganj,4.3,Excellent,2949,3,Paharganj ,New Delhi Railway Station,310 m ,"2,044",620
"Red Brick | Home by Earthaa Escapes
Like a 3",4.2,Very Good,132,,Malviya Nagar,,,"2,548",696
JW Marriott Hotel New Delhi Aerocity,4.5,Excellent,1308,5,Aerocity ,Indira Gandhi International Airport,4.1 km ,"12,800",
Crowne Plaza Rohini,4.3,Excellent,2702,5,Rohini,,,"6,498",
"Park Plaza, Shahdara",3.7,Very Good,3422,5,East Delhi,,,"3,825",
Andaz Delhi - A concept by Hyatt,4.3,Excellent,1272,5,Aerocity ,Indira Gandhi International Airport,3.9 km ,"11,000",
Homestay AC Dormitory at Kashmiri Gate,3.9,Very Good,256,,North Delhi,,,735,229
Zone Connect Saket Delhi,3.9,Very Good,390,5,Saket,,,"5,900","1,205"
Crowne Plaza Okhla,4.3,Excellent,2802,5,Okhla Industrial Area,,,"6,300",
Taurus Sarovar Portico,3.1,Good,845,4,Mahipalpur ,Indira Gandhi International Airport,4.0 km ,"2,976",608
The Leela Palace New Delhi,4.5,Excellent,449,5,Chanakyapuri ,T1 - Delhi Airport (IGI Airport),8.5 km ,"17,000",
Shangri-La Eros New Delhi,4.4,Excellent,1832,5,Connaught Place ,India Gate,2.3 km ,"12,500",
Sheraton New Delhi,4.5,Excellent,1706,5,Saket,,,"9,500",
"Hyatt Centric Janakpuri, New Delhi",3.6,Very Good,850,5,Janakpuri,,,"5,599",
ITC Maurya - A Luxury Collection Hotel,4.3,Excellent,2009,5,Chanakyapuri ,T1 - Delhi Airport (IGI Airport),7.4 km ,"11,000",
Le Meridien Delhi,4.2,Very Good,1622,5,Connaught Place ,India Gate,2.1 km ,"12,150",
"Eros Hotel New Delhi ,Nehru Place",4.0,Very Good,2733,5,Near Nehru Place,,,"4,999",
Jaypee Siddharth Hotel,3.7,Very Good,2052,5,Pusa road ,BLK Hospital,590 m ,"6,299",
Hotel Vertu,4.0,Very Good,3227,4,Mahipalpur ,Indira Gandhi International Airport,4.2 km ,"2,525",631
"Le ROI, Delhi@ New Delhi Railway Station",4.0,Very Good,4625,3,Paharganj,,,"2,474",633
Ashiana Hotel @ New Delhi Railway Station,3.7,Very Good,176,,Paharganj ,New Delhi Railway Station,880 m ,883,307
The Roseate,4.3,Excellent,2371,5,Mahipalpur ,Indira Gandhi International Airport,8.0 km ,"12,024","2,164"
"The Connaught, New Delhi - IHCL SeleQtions",4.5,Excellent,2016,4,Connaught Place ,Connaught Place,980 m ,"7,499",
Hyatt Regency New Delhi,4.2,Very Good,1655,5,R.K. Puram ,T1 - Delhi Airport (IGI Airport),8.3 km ,"8,100","1,863"
Hotel Samrat,3.2,Good,2214,4,Chanakyapuri ,T1 - Delhi Airport (IGI Airport),9.8 km ,"4,278",874
"New Delhi YMCA Tourist Hostel | Rooms & Wi-Fi
Like a 3",3.5,Very Good,1401,,Connaught Place ,Connaught Place,900 m ,"3,148",847
Golden Keys Inn,3.7,Very Good,752,3,North Delhi,,,"2,009",679
Ginger East Delhi,3.5,Very Good,3276,3,East Delhi,,,"1,839",
The Hans,3.6,Very Good,1397,4,Connaught Place ,Agrasen Ki Baoli,600 m ,"4,860",993
"Shubham Vilas
Like a 3",4.2,Very Good,323,,Rajouri Garden,,,"1,876",665
Ramada By Wyndham New Delhi Pitampura,3.5,Very Good,1620,4,North Delhi,,,"4,437",906
Svelte Hotel & Personal Suites,3.6,Very Good,967,5,Saket,,,"8,333",
The Grand Uddhav,4.2,Very Good,1838,3,Paharganj ,New Delhi Railway Station,740 m ,"3,081",817
Hotel Chanakya Inn,3.4,Good,2603,3,Mahipalpur ,Indira Gandhi International Airport,4.1 km ,"1,836",513
Hotel Viva Palace @ Delhi Airport,3.9,Very Good,528,4,Mahipalpur ,Indira Gandhi International Airport,4.2 km ,"2,271",567
Hotel Hari Piorko,3.8,Very Good,5220,3,Paharganj ,New Delhi Railway Station,630 m ,"1,104",412
Hotel Southern,3.4,Good,2350,3,Karol bagh,,,"1,951",469
Hotel Delhi 37,4.3,Excellent,8326,3,Mahipalpur ,Indira Gandhi International Airport,4.3 km ,"2,472",505
Red Fox Hotel East Delhi,3.6,Very Good,1069,3,East Delhi,,,"1,908",692
HOME@B11,2.3,Average,3,,East Of Kailash,,,"2,758",901
The Umrao,3.9,Very Good,2863,5,Samalka ,Indira Gandhi International Airport,6.5 km ,"5,000",
IIDL Suites,4.1,Very Good,1926,4,East Delhi,,,"4,900",
Four Points by Sheraton Delhi,4.0,Very Good,1662,4,Samalka ,Indira Gandhi International Airport,6.4 km ,"4,559",
"Deventure Sarovar Portico, Kapashera, New Delhi",3.9,Very Good,2681,4,Delhi ,Indira Gandhi International Airport,8.1 km ,"5,022","1,026"
"The Dream House BnB | Rooms & Caretaker
Like a 3",4.1,Very Good,41,,Safdarjung Enclave ,T1 - Delhi Airport (IGI Airport),9.4 km ,"2,542",684
"Park Inn by Radisson, IP Extension- New Delhi",3.8,Very Good,2618,4,East Delhi,,,"4,150",
The Claridges New Delhi,4.1,Very Good,1055,5,Motilal Nehru Marg Area ,India Gate,2.2 km ,"10,350","1,863"
De Pavilion Hotel,3.6,Very Good,2047,4,Mahipalpur ,Indira Gandhi International Airport,4.6 km ,"3,164",646
Venizia Sarovar Portico,3.6,Very Good,563,4,North Delhi,,,"3,766",769
Centaur Hotel,2.5,Average,676,3,Delhi Airport ,Indira Gandhi International Airport,2.0 km ,"3,202",654
The Orion Plaza - Nehru Place,3.8,Very Good,1180,3,Near Nehru Place,,,"2,706",589
Dee Marks Hotel & Resort Delhi Airport,3.4,Good,1572,4,Mahipalpur ,Indira Gandhi International Airport,8.8 km ,"2,534",633
HOTEL LE SEASONS,3.6,Very Good,581,4,Mahipalpur ,Indira Gandhi International Airport,3.8 km ,"2,653",700
Caspia Hotel New Delhi Shalimar Bagh,3.4,Good,1725,3,North Delhi,,,"2,799",572
"Park Inn by Radisson, Lajpat Nagar",4.1,Very Good,1856,4,Andrews Ganj,,,"6,999",
Jukaso Inn Down Town,3.6,Very Good,1207,3,Connaught Place ,Connaught Place,700 m ,"3,134",682
Hotel LA New Delhi,3.6,Very Good,1764,4,Mangolpuri,,,"3,438",702
Kelvish Hotel Near Delhi Airport,3.9,Very Good,1337,3,Mahipalpur ,Indira Gandhi International Airport,5.4 km ,"1,869",481
