<?xml version='1.0' encoding='utf-8'?>
<data>
  <row>
    <model>SEL</model>
    <price>21992</price>
    <mileage>7846</mileage>
    <color>Silver</color>
  </row>
  <row>
    <model>SEL</model>
    <price>20995</price>
    <mileage>10926</mileage>
    <color>Gray</color>
  </row>
  <row>
    <model>SEL</model>
    <price>19995</price>
    <mileage>7351</mileage>
    <color>Silver</color>
  </row>
  <row>
    <model>SEL</model>
    <price>17809</price>
    <mileage>11613</mileage>
    <color>Gray</color>
  </row>
  <row>
    <model>SE</model>
    <price>17500</price>
    <mileage>8367</mileage>
    <color>White</color>
  </row>
  <row>
    <model>SEL</model>
    <price>17495</price>
    <mileage>25125</mileage>
    <color>Silver</color>
  </row>
  <row>
    <model>SEL</model>
    <price>17000</price>
    <mileage>27393</mileage>
    <color>Blue</color>
  </row>
  <row>
    <model>SEL</model>
    <price>16995</price>
    <mileage>21026</mileage>
    <color>Silver</color>
  </row>
  <row>
    <model>SES</model>
    <price>16995</price>
    <mileage>32655</mileage>
    <color>Silver</color>
  </row>
  <row>
    <model>SES</model>
    <price>16995</price>
    <mileage>36116</mileage>
    <color>Silver</color>
  </row>
  <row>
    <model>SES</model>
    <price>16995</price>
    <mileage>40539</mileage>
    <color>Black</color>
  </row>
  <row>
    <model>SES</model>
    <price>16992</price>
    <mileage>9199</mileage>
    <color>Silver</color>
  </row>
  <row>
    <model>SEL</model>
    <price>16950</price>
    <mileage>9388</mileage>
    <color>Green</color>
  </row>
  <row>
    <model>SES</model>
    <price>16950</price>
    <mileage>32058</mileage>
    <color>Red</color>
  </row>
  <row>
    <model>SE</model>
    <price>16000</price>
    <mileage>15367</mileage>
    <color>White</color>
  </row>
  <row>
    <model>SES</model>
    <price>15999</price>
    <mileage>16368</mileage>
    <color>Blue</color>
  </row>
  <row>
    <model>SEL</model>
    <price>15999</price>
    <mileage>19926</mileage>
    <color>Silver</color>
  </row>
  <row>
    <model>SES</model>
    <price>15995</price>
    <mileage>36049</mileage>
    <color>Silver</color>
  </row>
  <row>
    <model>SEL</model>
    <price>15992</price>
    <mileage>11662</mileage>
    <color>Blue</color>
  </row>
  <row>
    <model>SEL</model>
    <price>15992</price>
    <mileage>32069</mileage>
    <color>Silver</color>
  </row>
  <row>
    <model>SES</model>
    <price>15988</price>
    <mileage>16035</mileage>
    <color>Silver</color>
  </row>
  <row>
    <model>SEL</model>
    <price>15980</price>
    <mileage>39943</mileage>
    <color>White</color>
  </row>
  <row>
    <model>SE</model>
    <price>15899</price>
    <mileage>36685</mileage>
    <color>Silver</color>
  </row>
  <row>
    <model>SEL</model>
    <price>15889</price>
    <mileage>24920</mileage>
    <color>Black</color>
  </row>
  <row>
    <model>SEL</model>
    <price>15688</price>
    <mileage>20019</mileage>
    <color>Blue</color>
  </row>
  <row>
    <model>SE</model>
    <price>15500</price>
    <mileage>29338</mileage>
    <color>Blue</color>
  </row>
  <row>
    <model>SE</model>
    <price>15499</price>
    <mileage>7784</mileage>
    <color>Black</color>
  </row>
  <row>
    <model>SE</model>
    <price>15499</price>
    <mileage>35636</mileage>
    <color>Black</color>
  </row>
  <row>
    <model>SES</model>
    <price>15298</price>
    <mileage>22029</mileage>
    <color>Gray</color>
  </row>
  <row>
    <model>SEL</model>
    <price>14999</price>
    <mileage>33107</mileage>
    <color>Silver</color>
  </row>
  <row>
    <model>SES</model>
    <price>14999</price>
    <mileage>36306</mileage>
    <color>Red</color>
  </row>
  <row>
    <model>SE</model>
    <price>14995</price>
    <mileage>34419</mileage>
    <color>Black</color>
  </row>
  <row>
    <model>SE</model>
    <price>14992</price>
    <mileage>4867</mileage>
    <color>Black</color>
  </row>
  <row>
    <model>SEL</model>
    <price>14992</price>
    <mileage>18948</mileage>
    <color>Black</color>
  </row>
  <row>
    <model>SES</model>
    <price>14992</price>
    <mileage>24030</mileage>
    <color>Red</color>
  </row>
  <row>
    <model>SEL</model>
    <price>14990</price>
    <mileage>33036</mileage>
    <color>Black</color>
  </row>
  <row>
    <model>SE</model>
    <price>14989</price>
    <mileage>23967</mileage>
    <color>White</color>
  </row>
  <row>
    <model>SE</model>
    <price>14906</price>
    <mileage>37905</mileage>
    <color>Silver</color>
  </row>
  <row>
    <model>SE</model>
    <price>14900</price>
    <mileage>28955</mileage>
    <color>White</color>
  </row>
  <row>
    <model>SE</model>
    <price>14893</price>
    <mileage>11165</mileage>
    <color>White</color>
  </row>
  <row>
    <model>SES</model>
    <price>14761</price>
    <mileage>44813</mileage>
    <color>Black</color>
  </row>
  <row>
    <model>SES</model>
    <price>14699</price>
    <mileage>36469</mileage>
    <color>Gray</color>
  </row>
  <row>
    <model>SES</model>
    <price>14677</price>
    <mileage>22143</mileage>
    <color>Black</color>
  </row>
  <row>
    <model>SES</model>
    <price>14549</price>
    <mileage>34046</mileage>
    <color>Silver</color>
  </row>
  <row>
    <model>SE</model>
    <price>14499</price>
    <mileage>32703</mileage>
    <color>Red</color>
  </row>
  <row>
    <model>SES</model>
    <price>14495</price>
    <mileage>35894</mileage>
    <color>Silver</color>
  </row>
  <row>
    <model>SE</model>
    <price>14495</price>
    <mileage>38275</mileage>
    <color>Black</color>
  </row>
  <row>
    <model>SE</model>
    <price>14480</price>
    <mileage>24855</mileage>
    <color>Blue</color>
  </row>
  <row>
    <model>SEL</model>
    <price>14477</price>
    <mileage>29501</mileage>
    <color>Gray</color>
  </row>
  <row>
    <model>SEL</model>
    <price>14355</price>
    <mileage>35394</mileage>
    <color>Red</color>
  </row>
  <row>
    <model>SE</model>
    <price>14299</price>
    <mileage>36447</mileage>
    <color>Black</color>
  </row>
  <row>
    <model>SES</model>
    <price>14275</price>
    <mileage>35318</mileage>
    <color>Black</color>
  </row>
  <row>
    <model>SES</model>
    <price>14000</price>
    <mileage>24929</mileage>
    <color>Silver</color>
  </row>
  <row>
    <model>SE</model>
    <price>13999</price>
    <mileage>23785</mileage>
    <color>Red</color>
  </row>
  <row>
    <model>SE</model>
    <price>13997</price>
    <mileage>15167</mileage>
    <color>Black</color>
  </row>
  <row>
    <model>SE</model>
    <price>13995</price>
    <mileage>13541</mileage>
    <color>Silver</color>
  </row>
  <row>
    <model>SE</model>
    <price>13995</price>
    <mileage>20278</mileage>
    <color>Black</color>
  </row>
  <row>
    <model>SES</model>
    <price>13995</price>
    <mileage>46126</mileage>
    <color>Black</color>
  </row>
  <row>
    <model>SES</model>
    <price>13995</price>
    <mileage>53733</mileage>
    <color>Silver</color>
  </row>
  <row>
    <model>SES</model>
    <price>13992</price>
    <mileage>21108</mileage>
    <color>Silver</color>
  </row>
  <row>
    <model>SE</model>
    <price>13992</price>
    <mileage>21721</mileage>
    <color>Green</color>
  </row>
  <row>
    <model>SES</model>
    <price>13992</price>
    <mileage>26716</mileage>
    <color>Gray</color>
  </row>
  <row>
    <model>SES</model>
    <price>13992</price>
    <mileage>26887</mileage>
    <color>Black</color>
  </row>
  <row>
    <model>SE</model>
    <price>13991</price>
    <mileage>36252</mileage>
    <color>Silver</color>
  </row>
  <row>
    <model>SE</model>
    <price>13950</price>
    <mileage>9450</mileage>
    <color>Black</color>
  </row>
  <row>
    <model>SE</model>
    <price>13950</price>
    <mileage>31414</mileage>
    <color>Black</color>
  </row>
  <row>
    <model>SE</model>
    <price>13950</price>
    <mileage>37185</mileage>
    <color>Blue</color>
  </row>
  <row>
    <model>SE</model>
    <price>13895</price>
    <mileage>48174</mileage>
    <color>Gray</color>
  </row>
  <row>
    <model>SE</model>
    <price>13888</price>
    <mileage>50533</mileage>
    <color>White</color>
  </row>
  <row>
    <model>SE</model>
    <price>13845</price>
    <mileage>36713</mileage>
    <color>Blue</color>
  </row>
  <row>
    <model>SES</model>
    <price>13799</price>
    <mileage>34888</mileage>
    <color>Black</color>
  </row>
  <row>
    <model>SES</model>
    <price>13742</price>
    <mileage>38380</mileage>
    <color>Black</color>
  </row>
  <row>
    <model>SEL</model>
    <price>13687</price>
    <mileage>35574</mileage>
    <color>Gray</color>
  </row>
  <row>
    <model>SEL</model>
    <price>13663</price>
    <mileage>27528</mileage>
    <color>Silver</color>
  </row>
  <row>
    <model>SES</model>
    <price>13599</price>
    <mileage>33302</mileage>
    <color>Red</color>
  </row>
  <row>
    <model>SEL</model>
    <price>13584</price>
    <mileage>43369</mileage>
    <color>Red</color>
  </row>
  <row>
    <model>SES</model>
    <price>13425</price>
    <mileage>64055</mileage>
    <color>Black</color>
  </row>
  <row>
    <model>SE</model>
    <price>13384</price>
    <mileage>41342</mileage>
    <color>Gray</color>
  </row>
  <row>
    <model>SE</model>
    <price>13383</price>
    <mileage>34503</mileage>
    <color>Black</color>
  </row>
  <row>
    <model>SE</model>
    <price>13350</price>
    <mileage>16573</mileage>
    <color>Blue</color>
  </row>
  <row>
    <model>SES</model>
    <price>12999</price>
    <mileage>32403</mileage>
    <color>Blue</color>
  </row>
  <row>
    <model>SE</model>
    <price>12998</price>
    <mileage>34846</mileage>
    <color>Blue</color>
  </row>
  <row>
    <model>SE</model>
    <price>12997</price>
    <mileage>39665</mileage>
    <color>Red</color>
  </row>
  <row>
    <model>SE</model>
    <price>12995</price>
    <mileage>21325</mileage>
    <color>Black</color>
  </row>
  <row>
    <model>SE</model>
    <price>12995</price>
    <mileage>32743</mileage>
    <color>Black</color>
  </row>
  <row>
    <model>SE</model>
    <price>12995</price>
    <mileage>40058</mileage>
    <color>White</color>
  </row>
  <row>
    <model>SE</model>
    <price>12995</price>
    <mileage>42325</mileage>
    <color>Blue</color>
  </row>
  <row>
    <model>SE</model>
    <price>12995</price>
    <mileage>44518</mileage>
    <color>Red</color>
  </row>
  <row>
    <model>SE</model>
    <price>12995</price>
    <mileage>53902</mileage>
    <color>Gray</color>
  </row>
  <row>
    <model>SE</model>
    <price>12995</price>
    <mileage>127327</mileage>
    <color>Red</color>
  </row>
  <row>
    <model>SE</model>
    <price>12992</price>
    <mileage>27136</mileage>
    <color>Gray</color>
  </row>
  <row>
    <model>SES</model>
    <price>12990</price>
    <mileage>45813</mileage>
    <color>Silver</color>
  </row>
  <row>
    <model>SE</model>
    <price>12988</price>
    <mileage>31538</mileage>
    <color>Gray</color>
  </row>
  <row>
    <model>SE</model>
    <price>12849</price>
    <mileage>29517</mileage>
    <color>Silver</color>
  </row>
  <row>
    <model>SE</model>
    <price>12780</price>
    <mileage>35871</mileage>
    <color>Black</color>
  </row>
  <row>
    <model>SE</model>
    <price>12777</price>
    <mileage>49787</mileage>
    <color>Black</color>
  </row>
  <row>
    <model>SES</model>
    <price>12704</price>
    <mileage>36323</mileage>
    <color>Blue</color>
  </row>
  <row>
    <model>SES</model>
    <price>12595</price>
    <mileage>39211</mileage>
    <color>Blue</color>
  </row>
  <row>
    <model>SE</model>
    <price>12507</price>
    <mileage>44789</mileage>
    <color>Gray</color>
  </row>
  <row>
    <model>SE</model>
    <price>12500</price>
    <mileage>45996</mileage>
    <color>White</color>
  </row>
  <row>
    <model>SE</model>
    <price>12500</price>
    <mileage>54988</mileage>
    <color>White</color>
  </row>
  <row>
    <model>SE</model>
    <price>12280</price>
    <mileage>29288</mileage>
    <color>Red</color>
  </row>
  <row>
    <model>SE</model>
    <price>11999</price>
    <mileage>36124</mileage>
    <color>Blue</color>
  </row>
  <row>
    <model>SE</model>
    <price>11992</price>
    <mileage>32559</mileage>
    <color>Black</color>
  </row>
  <row>
    <model>SES</model>
    <price>11984</price>
    <mileage>59048</mileage>
    <color>Black</color>
  </row>
  <row>
    <model>SE</model>
    <price>11980</price>
    <mileage>55170</mileage>
    <color>Red</color>
  </row>
  <row>
    <model>SE</model>
    <price>11792</price>
    <mileage>39722</mileage>
    <color>Green</color>
  </row>
  <row>
    <model>SE</model>
    <price>11754</price>
    <mileage>38286</mileage>
    <color>Black</color>
  </row>
  <row>
    <model>SES</model>
    <price>11749</price>
    <mileage>57341</mileage>
    <color>Red</color>
  </row>
  <row>
    <model>SES</model>
    <price>11495</price>
    <mileage>82221</mileage>
    <color>Silver</color>
  </row>
  <row>
    <model>SE</model>
    <price>11450</price>
    <mileage>85229</mileage>
    <color>Red</color>
  </row>
  <row>
    <model>SES</model>
    <price>10995</price>
    <mileage>42834</mileage>
    <color>Red</color>
  </row>
  <row>
    <model>SES</model>
    <price>10995</price>
    <mileage>69415</mileage>
    <color>Blue</color>
  </row>
  <row>
    <model>SEL</model>
    <price>10995</price>
    <mileage>78264</mileage>
    <color>Gray</color>
  </row>
  <row>
    <model>SE</model>
    <price>10979</price>
    <mileage>60709</mileage>
    <color>Red</color>
  </row>
  <row>
    <model>SE</model>
    <price>10955</price>
    <mileage>39643</mileage>
    <color>Gray</color>
  </row>
  <row>
    <model>SE</model>
    <price>10955</price>
    <mileage>40180</mileage>
    <color>Gold</color>
  </row>
  <row>
    <model>SE</model>
    <price>10836</price>
    <mileage>40330</mileage>
    <color>Green</color>
  </row>
  <row>
    <model>SES</model>
    <price>10815</price>
    <mileage>77231</mileage>
    <color>Red</color>
  </row>
  <row>
    <model>SE</model>
    <price>10770</price>
    <mileage>72937</mileage>
    <color>Silver</color>
  </row>
  <row>
    <model>SE</model>
    <price>10717</price>
    <mileage>64199</mileage>
    <color>Black</color>
  </row>
  <row>
    <model>SES</model>
    <price>10000</price>
    <mileage>63926</mileage>
    <color>Red</color>
  </row>
  <row>
    <model>SES</model>
    <price>9999</price>
    <mileage>74427</mileage>
    <color>Silver</color>
  </row>
  <row>
    <model>SES</model>
    <price>9999</price>
    <mileage>78948</mileage>
    <color>Black</color>
  </row>
  <row>
    <model>SE</model>
    <price>9995</price>
    <mileage>51311</mileage>
    <color>Silver</color>
  </row>
  <row>
    <model>SE</model>
    <price>9995</price>
    <mileage>95364</mileage>
    <color>White</color>
  </row>
  <row>
    <model>SE</model>
    <price>9992</price>
    <mileage>74109</mileage>
    <color>White</color>
  </row>
  <row>
    <model>SE</model>
    <price>9651</price>
    <mileage>63296</mileage>
    <color>Blue</color>
  </row>
  <row>
    <model>SES</model>
    <price>9000</price>
    <mileage>80605</mileage>
    <color>Red</color>
  </row>
  <row>
    <model>SE</model>
    <price>8999</price>
    <mileage>49656</mileage>
    <color>Silver</color>
  </row>
  <row>
    <model>SE</model>
    <price>8996</price>
    <mileage>48652</mileage>
    <color>Silver</color>
  </row>
  <row>
    <model>SE</model>
    <price>8800</price>
    <mileage>71331</mileage>
    <color>White</color>
  </row>
  <row>
    <model>SE</model>
    <price>8495</price>
    <mileage>106171</mileage>
    <color>Black</color>
  </row>
  <row>
    <model>SE</model>
    <price>8494</price>
    <mileage>68901</mileage>
    <color>Silver</color>
  </row>
  <row>
    <model>SE</model>
    <price>8480</price>
    <mileage>70036</mileage>
    <color>White</color>
  </row>
  <row>
    <model>SES</model>
    <price>7999</price>
    <mileage>81596</mileage>
    <color>Yellow</color>
  </row>
  <row>
    <model>SES</model>
    <price>7995</price>
    <mileage>35000</mileage>
    <color>Black</color>
  </row>
  <row>
    <model>SES</model>
    <price>7995</price>
    <mileage>97987</mileage>
    <color>Red</color>
  </row>
  <row>
    <model>SES</model>
    <price>7900</price>
    <mileage>96000</mileage>
    <color>White</color>
  </row>
  <row>
    <model>SES</model>
    <price>7488</price>
    <mileage>59013</mileage>
    <color>Red</color>
  </row>
  <row>
    <model>SE</model>
    <price>6999</price>
    <mileage>105714</mileage>
    <color>Silver</color>
  </row>
  <row>
    <model>SE</model>
    <price>6995</price>
    <mileage>86862</mileage>
    <color>White</color>
  </row>
  <row>
    <model>SE</model>
    <price>6980</price>
    <mileage>60161</mileage>
    <color>Green</color>
  </row>
  <row>
    <model>SES</model>
    <price>6980</price>
    <mileage>101130</mileage>
    <color>Gray</color>
  </row>
  <row>
    <model>SES</model>
    <price>6950</price>
    <mileage>119720</mileage>
    <color>Black</color>
  </row>
  <row>
    <model>SES</model>
    <price>6200</price>
    <mileage>95000</mileage>
    <color>Silver</color>
  </row>
  <row>
    <model>SE</model>
    <price>5995</price>
    <mileage>87003</mileage>
    <color>Red</color>
  </row>
  <row>
    <model>SE</model>
    <price>5980</price>
    <mileage>96841</mileage>
    <color>Red</color>
  </row>
  <row>
    <model>SE</model>
    <price>4899</price>
    <mileage>151479</mileage>
    <color>Yellow</color>
  </row>
  <row>
    <model>SE</model>
    <price>3800</price>
    <mileage>109259</mileage>
    <color>Red</color>
  </row>
</data>
