Probably should just throw this line away too, but not the next since those are column labels
These kind of comments are not very useful, are they?
name Jan Feb Mar Apr May Jun Jul Aug Sep Oct Nov Dec,
@ So that line you just read has all the column headers labels,
IBM 156.08 160.01 159.81 165.22 172.25 167.15 164.75 152.77 145.36 146.11 137.21 137.96,
MSFT 45.51 43.08 42.13 43.47 47.53 45.96 45.61 45.51 43.56 48.70 53.88 55.40,
@ That MSFT is MicroSoft,
GOOGLE 512.42 537.99 559.72 540.50 535.24 532.92 590.09 636.84 617.93 663.59 735.39 755.35,
APPLE 110.64 125.43 125.97 127.29 128.76 127.81 125.34 113.39 112.80 113.36 118.16 111.73,
@Maybe we should have bought some Apple stock in 2008?,
